,title
0,good_news_bad_news
1,the_stakeout
2,the_robbery
3,male_unbonding
4,the_stock_tip
5,the_ex-girlfriend
6,the_pony_remark
7,the_jacket
8,the_phone_message
9,the_apartment
10,the_statue
11,the_revenge
12,the_heart_attack
13,the_deal
14,the_baby_shower
15,the_chinese_restaurant
16,the_busboy
17,the_note
18,the_truth
19,the_pen
20,the_dog
21,the_library
22,the_parking_garage
23,the_cafe
24,the_tape
25,the_nose_job
26,the_stranded
27,the_alternate_side
28,the_red_dot
29,the_subway
30,the_pez_dispenser
31,the_suicide
32,the_fix-up
33,the_boyfriend_(1)
34,the_boyfriend_(2)
35,the_limo
36,the_good_samaritan
37,the_letter
38,the_parking_space
39,the_keys
40,the_trip_(1)
41,the_trip_(2)
42,the_pitch
43,the_ticket
44,the_wallet_(1)
45,the_watch_(2)
46,the_bubble_boy
47,the_cheever_letters
48,the_opera
49,the_virgin
50,the_contest
51,the_airport
52,the_pick
53,the_movie
54,the_visa
55,the_shoes
56,the_outing
57,the_old_man
58,the_implant
59,the_junior_mint
60,the_smelly_car
61,the_handicap_spot
62,the_pilot_(1)
63,the_pilot_(2)
64,the_mango
65,the_puffy_shirt
66,the_glasses
67,the_sniffing_accountant
68,the_bris
69,the_lip_reader
70,the_non-fat_yogurt
71,the_barber
72,the_masseuse
73,the_cigar_store_indian
74,the_conversion
75,the_stall
76,the_dinner_party
77,the_marine_biologist
78,the_pie
79,the_stand-in
80,the_wife
81,the_raincoats
82,the_fire
83,the_hamptons
84,the_opposite
85,the_chaperone
86,the_big_salad
87,the_pledge_drive
88,the_chinese_woman
89,the_couch
90,the_gymnast
91,the_soup
92,the_mom_&amp;_pop_store
93,the_secretary
94,the_race
95,the_switch
96,the_label_maker
97,the_scofflaw
98,the_beard
99,the_kiss_hello
100,the_doorman
101,the_jimmy
102,the_doodle
103,the_fusilli_jerry
104,the_diplomat's_club
105,the_face_painter
106,the_understudy
107,the_engagement
108,the_postponement
109,the_maestro
110,the_wink
111,the_hot_tub
112,the_soup_nazi
113,the_secret_code
114,the_pool_guy
115,the_sponge
116,the_gum
117,the_rye
118,the_caddy
119,the_seven
120,the_cadillac_(1)
121,the_cadillac_(2)
122,the_shower_head
123,the_doll
124,the_friars_club_(a.k.a._the_gypsies)
125,the_wig_master
126,the_calzone
127,the_bottle_deposit_(1)
128,the_bottle_deposit_(2)
129,the_wait_out
130,the_invitations
131,the_foundation
132,the_soul_mate
133,the_bizarro_jerry
134,the_little_kicks
135,the_package
136,the_fatigues
137,the_checks
138,the_chicken_roaster
139,the_abstinence
140,the_andrea_doria
141,the_little_jerry
142,the_money
143,the_comeback
144,the_van_buren_boys
145,the_susie
146,the_pothole
147,the_english_patient
148,the_nap
149,the_yada_yada
150,the_millennium
151,the_muffin_tops
152,the_summer_of_george
153,the_butter_shave
154,the_voice
155,the_serenity_now
156,the_blood
157,the_junk_mail
158,the_merv_griffin_show
159,the_slicer
160,the_betrayal
161,the_apology
162,the_strike
163,the_dealership
164,the_reverse_peephole_(a.k.a._the_man_fur)
165,the_cartoon
166,the_strongbox
167,the_wizard
168,the_burning
169,the_bookstore
170,the_frogger
171,the_maid
172,the_puerto_rican_day
173,the_finale
